id;slug;nome_popular;nome_cientifico;origem;fins_plantio_codigos;fins_plantio;comportamento_folhar_codigo;comportamento_folhar;altura;floracao;cor_floracao;frutificacao;regioes_ocorrencia_cultivo;mapa_regiao;descricao
3;acoita-cavalo;Açoita-cavalo;Luehea divaricata Mart.;Nativa;NA O RMC RAD;Espécie nativa | Uso ornamental (paisagismo e/ou arborização urbana e rural) | Recuperação de mata ciliar | Recuperação de áreas degradadas;D;Decídua;15-25m;;;;Sul da BA, RJ, SP, MG, GO, MS até o RS.;mudas/mapas/Açoita_cavalo.jpg;
6;amora-preta;Amora-preta;Morus nigra L.;Exótica;EX FH FA O;Espécie exótica | Consumo humano de fruto | Consumo animal de frutos e/ou néctar | Uso ornamental (paisagismo e/ou arborização urbana e rural);D;Decídua;7-12m;;;a partir de setembro;Cultivada no Sul e Sudeste do Brasil.;mudas/mapas/Amora_preta.jpg;
8;angico-vermelho;Angico-vermelho;Parapiptadenia rigida (Benth.) Brenan;Nativa;NA FA O RMC RAD;Espécie nativa | Consumo animal de frutos e/ou néctar | Uso ornamental (paisagismo e/ou arborização urbana e rural) | Recuperação de mata ciliar | Recuperação de áreas degradadas;D;Decídua;20-30m;;;;MG, MS, SP até o RS.;mudas/mapas/Angico_vermelho.jpg;
9;aperta-goela;Aperta-goela;Gomidesia affinis (Cambess) D. Legrand;Nativa;NA FH FA RMC;Espécie nativa | Consumo humano de fruto | Consumo animal de frutos e/ou néctar | Recuperação de mata ciliar;SD;Semidecídua;4-6m;;;junho-outubro;MG, SP até o RS.;mudas/mapas/Aperta_goela.jpg;
10;araca-amarelo;Araçá-amarelo;Psidium cattleianum Sabine;Nativa;NA FH FA RMC RAD;Espécie nativa | Consumo humano de fruto | Consumo animal de frutos e/ou néctar | Recuperação de mata ciliar | Recuperação de áreas degradadas;P;Perenifólia;3-6m;;;setembro-março;BA até o RS.;mudas/mapas/Araçá_amarelo.jpg;
12;araca-piranga;Araçá-piranga;Eugenia leitonii Legr.;Nativa;NA FH FA O RAD;Espécie nativa | Consumo humano de fruto | Consumo animal de frutos e/ou néctar | Uso ornamental (paisagismo e/ou arborização urbana e rural) | Recuperação de áreas degradadas;SD;Semidecídua;8-14m;;;fevereiro-março;Sul da Ba até o PR. É cultivado no RS e SC.;mudas/mapas/Araçá_piranga.jpg;
13;araca-vermelho;Araçá-vermelho;Eugenia multicostata D. Legrand;Nativa;NA FH FA O RMC RAD;Espécie nativa | Consumo humano de fruto | Consumo animal de frutos e/ou néctar | Uso ornamental (paisagismo e/ou arborização urbana e rural) | Recuperação de mata ciliar | Recuperação de áreas degradadas;SD;Semidecídua;10-30m;;;outubro-novembro;Sul de SP ao RS.;mudas/mapas/Araçá_vermelho.jpg;
16;aroeira-piriquita;Aroeira-piriquita;Schinus molle L.;Nativa;NA FA O RMC RAD;Espécie nativa | Consumo animal de frutos e/ou néctar | Uso ornamental (paisagismo e/ou arborização urbana e rural) | Recuperação de mata ciliar | Recuperação de áreas degradadas;P;Perenifólia;4-8m;;;;MG até o RS, em campos de altitude.;mudas/mapas/Aroeira_piriquita.jpg;
17;aroeira-vermelha;Aroeira-vermelha;Schinus terebinthifolius Raddi;Nativa;NA FA O RMC RAD;Espécie nativa | Consumo animal de frutos e/ou néctar | Uso ornamental (paisagismo e/ou arborização urbana e rural) | Recuperação de mata ciliar | Recuperação de áreas degradadas;P;Perenifólia;5-10m;;;;PE, MS até RS.;mudas/mapas/Aroeira_vermelha.jpg;
18;baga-de-macaco;Baga-de-macaco;Posoqueria latifolia (Rudge) Roem. & Schult.;Nativa;NA FH FA RMC RAD;Espécie nativa | Consumo humano de fruto | Consumo animal de frutos e/ou néctar | Recuperação de mata ciliar | Recuperação de áreas degradadas;P;Perenifólia;6-15m;;;junho-julho;Sul da BA até SC.;mudas/mapas/Baga_de_macaco.jpg;
19;baguacu;Baguaçú;Talauma ovata St. Hil.;Nativa;NA FA O RMC RAD;Espécie nativa | Consumo animal de frutos e/ou néctar | Uso ornamental (paisagismo e/ou arborização urbana e rural) | Recuperação de mata ciliar | Recuperação de áreas degradadas;P;Perenifólia;20-30m;;;;Sul de MG até o norte do RS.;mudas/mapas/Baguaçú.jpg;
20;bracatinga;Bracatinga;Mimosa scabrella Benth.;Nativa;NA FA O IND RMC RAD;Espécie nativa | Consumo animal de frutos e/ou néctar | Uso ornamental (paisagismo e/ou arborização urbana e rural) | Produção industrial (larga escala) | Recuperação de mata ciliar | Recuperação de áreas degradadas;SD;Semidecídua;5-15m;;;;SP até RS, em regiões de altitudes na floresta de pinhais;mudas/mapas/Bracatinga.jpg;
21;butia;Butiá;Butia capitata (Mart. Ex Drude) Becc.;Nativa;NA FH FA O RAD;Espécie nativa | Consumo humano de fruto | Consumo animal de frutos e/ou néctar | Uso ornamental (paisagismo e/ou arborização urbana e rural) | Recuperação de áreas degradadas;P;Perenifólia;4-6m;;;janeiro-março;PR, SC e RS.;mudas/mapas/Butiá.jpg;
22;cabreuva;Cabreúva;Myrocarpus frondosus Fr. All.;Nativa;NA FA O;Espécie nativa | Consumo animal de frutos e/ou néctar | Uso ornamental (paisagismo e/ou arborização urbana e rural);D;Decídua;20-30m;;;;Sul da BA ao RS.;mudas/mapas/Cabreúva.jpg;
24;camboata-vermelho;Camboatá-vermelho;Cupania vernalis Camp.;Nativa;NA FA O RMC RAD;Espécie nativa | Consumo animal de frutos e/ou néctar | Uso ornamental (paisagismo e/ou arborização urbana e rural) | Recuperação de mata ciliar | Recuperação de áreas degradadas;SD;Semidecídua;10-22m;;;;MG, MS, SP até o RS.;mudas/mapas/Camboatá_vermelho.jpg;
25;canafistula;Canafístula;Peltophorum dubium (Spreng.) Taub.;Nativa;NA FA S O FLOR RMC RAD;Espécie nativa | Consumo animal de frutos e/ou néctar | Sombreamento | Uso ornamental (paisagismo e/ou arborização urbana e rural) | Floração exuberante | Recuperação de mata ciliar | Recuperação de áreas degradadas;D;Decídua;15-25m;dezembro-fevereiro;amarela;;BA, MS, MG, GO, RJ até o PR. Cultivada em SC e RS.;mudas/mapas/Canafístula.jpg;
26;canela-de-tempero;Canela-de-tempero;Cinnamomum zeylanicum Nees;Exótica;EX O;Espécie exótica | Uso ornamental (paisagismo e/ou arborização urbana e rural);P;Perenifólia;8-12m;;;;Cultivada em todo o Brasil, porém suscetível a geada.;mudas/mapas/Canela_de_tempero.jpg;
27;canela-fogo;Canela-fogo;Cryptocarya aschersoniana Mez;Nativa;NA FA S O RMC RAD;Espécie nativa | Consumo animal de frutos e/ou néctar | Sombreamento | Uso ornamental (paisagismo e/ou arborização urbana e rural) | Recuperação de mata ciliar | Recuperação de áreas degradadas;P;Perenifólia;25-25m;;;;MG ao RS.;mudas/mapas/Canela_fogo.jpg;
28;canela-garuva;Canela-garuva;Nectandra rigida (H.B.K.) Nees;Nativa;NA FA O RMC;Espécie nativa | Consumo animal de frutos e/ou néctar | Uso ornamental (paisagismo e/ou arborização urbana e rural) | Recuperação de mata ciliar;P;Perenifólia;15-20m;;;;Desde a região Amazônica até o RS, exceto Nordeste.;mudas/mapas/Canela_garuva.jpg;
30;canela-imbuia;Canela-imbuia;Nectandra megapotamica (Spreng.) Mez;Nativa;NA FA O RAD;Espécie nativa | Consumo animal de frutos e/ou néctar | Uso ornamental (paisagismo e/ou arborização urbana e rural) | Recuperação de áreas degradadas;P;Perenifólia;15-25m;;;;SP ao RS.;mudas/mapas/Canela_imbuia.jpg;
32;canela-sassafras;Canela-sassafrás;Ocotea odorifera (Vell.) Rohwer;Nativa;NA S O;Espécie nativa | Sombreamento | Uso ornamental (paisagismo e/ou arborização urbana e rural);P;Perenifólia;15-25m;;;;Sul da BA ao RS.;mudas/mapas/Canela_sassafrás.jpg;
33;canjerana;Canjerana;Cabralea canjerana (Vell.) Mart.;Nativa;NA FA S O RMC RAD;Espécie nativa | Consumo animal de frutos e/ou néctar | Sombreamento | Uso ornamental (paisagismo e/ou arborização urbana e rural) | Recuperação de mata ciliar | Recuperação de áreas degradadas;D;Decídua;20-30m;;;;MG, MS até o RS.;mudas/mapas/Canjerana.jpg;
34;capororoca;Capororoca;Rapanea ferruginea (Ruiz et Pav.) Mez;Nativa;NA FA O RMC RAD;Espécie nativa | Consumo animal de frutos e/ou néctar | Uso ornamental (paisagismo e/ou arborização urbana e rural) | Recuperação de mata ciliar | Recuperação de áreas degradadas;P;Perenifólia;6-12m;;;;Todo o Brasil.;mudas/mapas/Capororoca.jpg;
35;capororocao;Capororocão;Rapanea umbellata (Mart. ex DC.) Mez;Nativa;NA FH FA O RAD;Espécie nativa | Consumo humano de fruto | Consumo animal de frutos e/ou néctar | Uso ornamental (paisagismo e/ou arborização urbana e rural) | Recuperação de áreas degradadas;P;Perenifólia;5-15m;;;março-abril e  outubro-novembro;MG ao RS.;mudas/mapas/Capororocão.jpg;
36;caroba;Caroba;Jacaranda micrantha Cham.;Nativa;NA S O FLOR RMC;Espécie nativa | Sombreamento | Uso ornamental (paisagismo e/ou arborização urbana e rural) | Floração exuberante | Recuperação de mata ciliar;D;Decídua;10-25m;outubro-dezembro;lilás;;MG ao RS.;mudas/mapas/Caroba.jpg;
37;carvalho-europeu;Carvalho-europeu;Quercus robur L.;Exótica;EX O;Espécie exótica | Uso ornamental (paisagismo e/ou arborização urbana e rural);D;Decídua;20-30m;outubro-dezembro;lilás;;Cultivada nas regiões de altitude do RS, SC e PR.;mudas/mapas/Carvalho_europeu.jpg;
38;castanha-da-praia;Castanha-da-praia;Bombacopsis glabra (Pasq.) A. Rob.;Nativa;NA FH FA O RAD;Espécie nativa | Consumo humano de fruto | Consumo animal de frutos e/ou néctar | Uso ornamental (paisagismo e/ou arborização urbana e rural) | Recuperação de áreas degradadas;P;Perenifólia;4-6m;;;janeiro-fevereiro;PE ao RJ. É cultivada em SC.;mudas/mapas/Castanha_da_praia.jpg;
39;cedro-rosa;Cedro-rosa;Cedrela fissilis Vell.;Nativa;NA FA S O RMC RAD;Espécie nativa | Consumo animal de frutos e/ou néctar | Sombreamento | Uso ornamental (paisagismo e/ou arborização urbana e rural) | Recuperação de mata ciliar | Recuperação de áreas degradadas;D;Decídua;20-35m;;;;MG ao RS.;mudas/mapas/Cedro_rosa.jpg;
40;cereja-australiana;Cereja-australiana;Eugenia reinwardtiana (Blume) DC.;Exótica;EX FH O;Espécie exótica | Consumo humano de fruto | Uso ornamental (paisagismo e/ou arborização urbana e rural);P;Perenifólia;2-5m;;;a partir de setembro;Cultivada na região Sudeste, e SC.;mudas/mapas/Cereja_australiana.jpg;
41;cereja-do-rio-grande;Cereja-do-rio-grande;Eugenia involucrata DC.;Nativa;NA FH FA O RMC RAD;Espécie nativa | Consumo humano de fruto | Consumo animal de frutos e/ou néctar | Uso ornamental (paisagismo e/ou arborização urbana e rural) | Recuperação de mata ciliar | Recuperação de áreas degradadas;D;Decídua;5-8m (10-15m na mata);;;outubro-dezembro;MG ao RS.;mudas/mapas/Cereja_do_rio_grande.jpg;
42;chal-chal;Chal-Chal;Allophyllus edulis (St. Hil) Randlk.;Nativa;NA FA O RMC RAD;Espécie nativa | Consumo animal de frutos e/ou néctar | Uso ornamental (paisagismo e/ou arborização urbana e rural) | Recuperação de mata ciliar | Recuperação de áreas degradadas;SD;Semidecídua;6-10m;;;;Região Amazônica até o Ceará, MS, MG, BA, RJ até o RS.;mudas/mapas/Chal_chal.jpg;
44;cipreste-portugues;Cipreste-português;Cupressus lusitanica Mill.;Exótica;EX O IND;Espécie exótica | Uso ornamental (paisagismo e/ou arborização urbana e rural) | Produção industrial (larga escala);P;Perenifólia;20-30m;;;;Cultivado em todo Brasil.;mudas/mapas/Cipreste_português.jpg;
45;cocao;Cocão;Erythroxylum argentinum O. E. Schultz;Nativa;NA FA O RAD;Espécie nativa | Consumo animal de frutos e/ou néctar | Uso ornamental (paisagismo e/ou arborização urbana e rural) | Recuperação de áreas degradadas;SD;Semidecídua;5-7m;;;;SP ao RS.;mudas/mapas/Cocão.jpg;
46;cortica-crespa;Cortiça-crespa;Rollinia sylvatica (St. Hil.) Mart.;Nativa;NA FH FA O RMC RAD;Espécie nativa | Consumo humano de fruto | Consumo animal de frutos e/ou néctar | Uso ornamental (paisagismo e/ou arborização urbana e rural) | Recuperação de mata ciliar | Recuperação de áreas degradadas;P;Perenifólia;6-8m;;;janeiro-abril;PE ao RS, MG, GO e MS.;mudas/mapas/Cortiça-crespa.jpg;
47;cortica-lisa;Cortiça-lisa;Anona cacans Warm.;Nativa;NA FH FA O RMC RAD;Espécie nativa | Consumo humano de fruto | Consumo animal de frutos e/ou néctar | Uso ornamental (paisagismo e/ou arborização urbana e rural) | Recuperação de mata ciliar | Recuperação de áreas degradadas;D;Decídua;12-16m;;;janeiro-março;MG, RJ até o RS.;mudas/mapas/Cortiça_lisa.jpg;
49;dedaleiro;Dedaleiro;Lafoensia pacari St. Hill.;Nativa;NA O RAD;Espécie nativa | Uso ornamental (paisagismo e/ou arborização urbana e rural) | Recuperação de áreas degradadas;D;Decídua;10-18m;;;;MG, SP, MS até SC.;mudas/mapas/Dedaleiro.jpg;
50;embauba;Embaúba;Cecropia glaziovi Snethlage;Nativa;NA FA O RAD;Espécie nativa | Consumo animal de frutos e/ou néctar | Uso ornamental (paisagismo e/ou arborização urbana e rural) | Recuperação de áreas degradadas;P;Perenifólia;8-16m;;;janeiro-fevereiro;BA até o PR. É cultivada no RS e SC.;mudas/mapas/Embaúba.jpg;
57;falsa-canela;Falsa-canela;Cinnamomum burmanni (Nees & T. Nees) Blume;Exótica;EX O;Espécie exótica | Uso ornamental (paisagismo e/ou arborização urbana e rural);P;Perenifólia;6-8m;;;;Cultivada em todo o Brasil.;mudas/mapas/Falsa_canela.jpg;
58;falso-barbatimao;Falso-barbatimão;Cassia leptophylla Vog.;Nativa;NA FA O FLOR RAD;Espécie nativa | Consumo animal de frutos e/ou néctar | Uso ornamental (paisagismo e/ou arborização urbana e rural) | Floração exuberante | Recuperação de áreas degradadas;P;Perenifólia;8-10m;novembro-janeiro;amarela;;PR e SC. É cultivado no RS.;mudas/mapas/Falso_barbatimão.jpg;
59;farinha-seca;Farinha-seca;Machaerium stipitatum (DC.) Vog.;Nativa;NA O RAD;Espécie nativa | Uso ornamental (paisagismo e/ou arborização urbana e rural) | Recuperação de áreas degradadas;SD;Semidecídua;10-20m;;;;RJ, SP, MG, MS até o RS.;mudas/mapas/Farinha_seca.jpg;
60;figueira-folha-fina;Figueira-folha-fina;Ficus enormis (Mart. ex Miq.) Miq;Nativa;NA FA S RAD;Espécie nativa | Consumo animal de frutos e/ou néctar | Sombreamento | Recuperação de áreas degradadas;P;Perenifólia;6-14m;;;;Todo o Brasil.;mudas/mapas/Figueira_folha_fina.jpg;
61;figueira-mata-pau;Figueira-mata-pau;Ficus guaranitica Schodat;Nativa;NA FA S O RAD;Espécie nativa | Consumo animal de frutos e/ou néctar | Sombreamento | Uso ornamental (paisagismo e/ou arborização urbana e rural) | Recuperação de áreas degradadas;P;Perenifólia;10-20m;;;;RJ, MG, MS, GO, SP e PR. É cultivada em SC.;mudas/mapas/Figueira_mata_pau.jpg;
64;goiaba;Goiaba;Psidium guajava L.;Nativa;NA FH FA RMC RAD;Espécie nativa | Consumo humano de fruto | Consumo animal de frutos e/ou néctar | Recuperação de mata ciliar | Recuperação de áreas degradadas;SD;Semidecídua;3-6m;;;dezembro-março;RJ ao RS.;mudas/mapas/Goiaba.jpg;
66;grandiuva;Grandiúva;Trema micrantha (L.) Blum.;Nativa;NA FA RAD;Espécie nativa | Consumo animal de frutos e/ou néctar | Recuperação de áreas degradadas;P;Perenifólia;5-12m;;;;RJ, MG, GO, MS até o RS.;mudas/mapas/Grandiúva.jpg;
69;grumixama;Grumixama;Eugenia brasiliensis Lam.;Nativa;NA FH FA O RAD;Espécie nativa | Consumo humano de fruto | Consumo animal de frutos e/ou néctar | Uso ornamental (paisagismo e/ou arborização urbana e rural) | Recuperação de áreas degradadas;P;Perenifólia;10-15m;;;novembro-dezembro;Sul da BA até SC.;mudas/mapas/Grumixama.jpg;
70;guabiju;Guabiju;Myrcianthes pungens (Berg.) Legr.;Nativa;NA FH FA O RAD;Espécie nativa | Consumo humano de fruto | Consumo animal de frutos e/ou néctar | Uso ornamental (paisagismo e/ou arborização urbana e rural) | Recuperação de áreas degradadas;SD;Semidecídua;15-20m;;;janeiro-fevereiro;SP até o RS.;mudas/mapas/Guabiju.jpg;
71;guabiroba;Guabiroba;Campomanesia xanthocarpa Berg.;Nativa;NA FH FA O RMC RAD;Espécie nativa | Consumo humano de fruto | Consumo animal de frutos e/ou néctar | Uso ornamental (paisagismo e/ou arborização urbana e rural) | Recuperação de mata ciliar | Recuperação de áreas degradadas;D;Decídua;10-20m;;;novembro-dezembro;MG, SP, MS até o RS.;mudas/mapas/Guabiroba.jpg;
72;guabiroba-crespa;Guabiroba-crespa;Campomanesia reitziana D. Legrand;Nativa;NA FH FA RMC RAD;Espécie nativa | Consumo humano de fruto | Consumo animal de frutos e/ou néctar | Recuperação de mata ciliar | Recuperação de áreas degradadas;D;Decídua;10-20m;;;outubro-novembro;MG, SP, MS até o RS.;mudas/mapas/Guabiroba_crespa.jpg;
73;guacatunga;Guaçatunga;Casearia sylvestris Sw.;Nativa;NA FA O RAD;Espécie nativa | Consumo animal de frutos e/ou néctar | Uso ornamental (paisagismo e/ou arborização urbana e rural) | Recuperação de áreas degradadas;P;Perenifólia;4-6m;;;;Todo o Brasil.;mudas/mapas/Guaçatunga.jpg;
74;guamirim-folha-larga;Guamirim-folha-larga;Calyptranthes grandifolia O. Berg.;Nativa;NA FA O RMC RAD;Espécie nativa | Consumo animal de frutos e/ou néctar | Uso ornamental (paisagismo e/ou arborização urbana e rural) | Recuperação de mata ciliar | Recuperação de áreas degradadas;P;Perenifólia;5-14m;;;;RJ até o RS.;mudas/mapas/Guamirim_folha_larga.jpg;
75;guapuruvu;Guapuruvu;Schizolobium parahyba (Vell.) Blake;Nativa;NA S O FLOR RMC RAD;Espécie nativa | Sombreamento | Uso ornamental (paisagismo e/ou arborização urbana e rural) | Floração exuberante | Recuperação de mata ciliar | Recuperação de áreas degradadas;D;Decídua;20-30m;agosto-outubro;amarela;;BA até SC. É cultivada também no RS.;mudas/mapas/Guapuruvu.jpg;
76;inga-anao;Ingá-anão;Inga vera Willd.;Nativa;NA FH FA S O RMC RAD;Espécie nativa | Consumo humano de fruto | Consumo animal de frutos e/ou néctar | Sombreamento | Uso ornamental (paisagismo e/ou arborização urbana e rural) | Recuperação de mata ciliar | Recuperação de áreas degradadas;SD;Semidecídua;5-10m;;;dezembro a março;SP ao RS.;mudas/mapas/Ingá_anão.jpg;
77;inga-banana;Ingá-banana;Inga uruguensis Hooker at Arnott;Nativa;NA FH FA O RMC RAD;Espécie nativa | Consumo humano de fruto | Consumo animal de frutos e/ou néctar | Uso ornamental (paisagismo e/ou arborização urbana e rural) | Recuperação de mata ciliar | Recuperação de áreas degradadas;SD;Semidecídua;5-10m;;;dezembro-fevereiro;SP até o RS.;mudas/mapas/Ingá_banana.jpg;
79;inga-feijao;Ingá-feijão;Inga marginata Willd.;Nativa;NA FH FA O RMC RAD;Espécie nativa | Consumo humano de fruto | Consumo animal de frutos e/ou néctar | Uso ornamental (paisagismo e/ou arborização urbana e rural) | Recuperação de mata ciliar | Recuperação de áreas degradadas;SD;Semidecídua;5-15m;;;março-maio;Todo o Brasil.;mudas/mapas/Ingá_feijão.jpg;
80;inga-macaco;Ingá-macaco;Inga sessilis (Vell.) Mart.;Nativa;NA FH FA RMC RAD;Espécie nativa | Consumo humano de fruto | Consumo animal de frutos e/ou néctar | Recuperação de mata ciliar | Recuperação de áreas degradadas;SD;Semidecídua;12-20m;;;julho-janeiro;MG até o RS.;mudas/mapas/Ingá_macaco.jpg;
82;ipe-roxo;Ipê-roxo;Handroanthus avellanedae (Lor. Ex Griseb.) Mattos;Nativa;NA S O FLOR RMC RAD;Espécie nativa | Sombreamento | Uso ornamental (paisagismo e/ou arborização urbana e rural) | Floração exuberante | Recuperação de mata ciliar | Recuperação de áreas degradadas;D;Decídua;20-35m;junho-agosto;rosa;;MA até o RS.;mudas/mapas/Ipê_roxo.jpg;
83;ipe-amarelo;Ipê-amarelo;Handroanthus chrysotrichus (Mart. ex DC) Mattos;Nativa;NA S O FLOR RMC RAD;Espécie nativa | Sombreamento | Uso ornamental (paisagismo e/ou arborização urbana e rural) | Floração exuberante | Recuperação de mata ciliar | Recuperação de áreas degradadas;D;Decídua;4-10m;agosto-setembro;amarela;;ES até SC. É cultivada no RS.;mudas/mapas/Ipê_amarelo.jpg;
84;ipe-amarelo-da-serra;Ipê-amarelo-da-serra;Handroanthus alba (Cham.) Mattos;Nativa;NA S O FLOR RMC RAD;Espécie nativa | Sombreamento | Uso ornamental (paisagismo e/ou arborização urbana e rural) | Floração exuberante | Recuperação de mata ciliar | Recuperação de áreas degradadas;D;Decídua;20-30m;julho-setembro;amarela;;RJ, MG até o RS.;mudas/mapas/Ipê_amarelo_da_serra.jpg;
85;ipe-amarelo-de-jardim;Ipê-amarelo-de-jardim;Tecoma stans (L.) Juss. ex Kunth.;Exótica;EX O FLOR;Espécie exótica | Uso ornamental (paisagismo e/ou arborização urbana e rural) | Floração exuberante;SD;Semidecídua;5-7m;abril-setembro;amarela;;Cultivado em todo o Brasil.;mudas/mapas/Ipê_amarelo_de_jardim.jpg;
86;ipe-branco;Ipê-branco;Handroanthus roseo-alba (Rild.) Mattos;Nativa;NA O FLOR RAD;Espécie nativa | Uso ornamental (paisagismo e/ou arborização urbana e rural) | Floração exuberante | Recuperação de áreas degradadas;D;Decídua;7-16m;agosto-outubro;róseo-branca;;Norte de SP, MG, MS e GO. É cultivado no PR, SC e RS.;mudas/mapas/Ipê_branco.jpg;
87;ipe-rosa;Ipê-rosa;Handroanthus heptaphyllus (Vell.) Mattos;Nativa;NA O FLOR RMC RAD;Espécie nativa | Uso ornamental (paisagismo e/ou arborização urbana e rural) | Floração exuberante | Recuperação de mata ciliar | Recuperação de áreas degradadas;D;Decídua;10-20m;julho-setembro;rosa;;Sul da BA, ES, MG, RJ e SP. É cultivado no PR, SC e RS.;mudas/mapas/Ipê_rosa.jpg;
88;jabuticaba;Jabuticaba;Myrciaria trunciflora Berg;Nativa;NA FH FA O RMC RAD;Espécie nativa | Consumo humano de fruto | Consumo animal de frutos e/ou néctar | Uso ornamental (paisagismo e/ou arborização urbana e rural) | Recuperação de mata ciliar | Recuperação de áreas degradadas;P;Perenifólia;10-15m;;;agosto-setembro e janeiro-fevereiro;MG, MS, SP até o RS.;mudas/mapas/Jabuticaba.jpg;
95;louro-pardo;Louro-pardo;Cordia trichotoma (Vell.) Arrab. ex Steud.;Nativa;NA O IND RMC RAD;Espécie nativa | Uso ornamental (paisagismo e/ou arborização urbana e rural) | Produção industrial (larga escala) | Recuperação de mata ciliar | Recuperação de áreas degradadas;D;Decídua;20-30m;;;;CE até o RS.;mudas/mapas/Louro_pardo.jpg;
96;magnolia-amarela;Magnólia-amarela;Michelia champaca L.;Exótica;EX O FLOR;Espécie exótica | Uso ornamental (paisagismo e/ou arborização urbana e rural) | Floração exuberante;P;Perenifólia;7-10m;outubro-novembro;amarela;;Cultivada no PR, SC e RS.;mudas/mapas/Magnólia_amarela.jpg;
98;manaca-da-serra;Manacá-da-serra;Tibouchina mutabilis Cong.;Nativa;NA O FLOR RAD;Espécie nativa | Uso ornamental (paisagismo e/ou arborização urbana e rural) | Floração exuberante | Recuperação de áreas degradadas;P;Perenifólia;7-12m;novembro-fevereiro;branco-rósea;;RJ até SC.;mudas/mapas/Manacá_da_serra.jpg;
100;maracuja-doce;Maracujá-doce;Passiflora alata Curtis;Nativa;NA FH;Espécie nativa | Consumo humano de fruto;SD;Semidecídua;;;;dezembro-maio;BA até o RS.;mudas/mapas/Maracujá_doce.jpg;
101;maracuja-amarelo;Maracujá-amarelo;Passiflora edulis Sims;Nativa;NA FH;Espécie nativa | Consumo humano de fruto;SD;Semidecídua;;;;dezembro-maio;Todo o Brasil.;mudas/mapas/Maracujá_amarelo.jpg;
103;marica;Maricá;Acacia polyphylla DC.;Nativa;NA S O RAD;Espécie nativa | Sombreamento | Uso ornamental (paisagismo e/ou arborização urbana e rural) | Recuperação de áreas degradadas;SD;Semidecídua;15-20m;;;;Região amazônica até o PR e SP. Cultivada em SC e no RS.;mudas/mapas/Maricá.jpg;
105;mulungu-do-litoral;Mulungu-do-litoral;Erythrina speciosa Andrews;Nativa;NA O FLOR RMC RAD;Espécie nativa | Uso ornamental (paisagismo e/ou arborização urbana e rural) | Floração exuberante | Recuperação de mata ciliar | Recuperação de áreas degradadas;D;Decídua;3-5m;junho-setembro;vermelha;;ES, MG até SC.;mudas/mapas/Mulungu_do_litoral.jpg;
106;murta;Murta;Myrtus communis L.;Exótica;EX O FLOR;Espécie exótica | Uso ornamental (paisagismo e/ou arborização urbana e rural) | Floração exuberante;P;Perenifólia;5-7m;no decorre de todo ano;branca;;Cultivada em todo território brasileiro.;mudas/mapas/Murta.jpg;
107;olandi;Olandi;Calophyllum brasiliensis Camb.;Nativa;NA FA O RMC RAD;Espécie nativa | Consumo animal de frutos e/ou néctar | Uso ornamental (paisagismo e/ou arborização urbana e rural) | Recuperação de mata ciliar | Recuperação de áreas degradadas;P;Perenifólia;20-30m;;;novembro-dezembro;Região Amazônica até o norte de SC.;mudas/mapas/Olandi.jpg;
108;paineira-rosa;Paineira-rosa;Ceiba speciosa (A.St.-Hil.) Ravenna;Nativa;NA O FLOR RAD;Espécie nativa | Uso ornamental (paisagismo e/ou arborização urbana e rural) | Floração exuberante | Recuperação de áreas degradadas;D;Decídua;15-30m;dezembro-abril;rosa;;RJ, MG, GO, SP, MS e norte no PR. É cultivada no RS e SC.;mudas/mapas/Paineira_rosa.jpg;
110;palmeira-real;Palmeira-real;Archontophoenix alexandrae (F. Muell.) H. Wendl. & Drude;Exótica;EX FH O IND;Espécie exótica | Consumo humano de fruto | Uso ornamental (paisagismo e/ou arborização urbana e rural) | Produção industrial (larga escala);P;Perenifólia;18-22m;;;;É cultivada no Sudeste e Sul do Brasil.;mudas/mapas/Palmeira_real.jpg;
111;palmiteiro;Palmiteiro;Euterpe edulis Mart.;Nativa;NA FA O IND RAD;Espécie nativa | Consumo animal de frutos e/ou néctar | Uso ornamental (paisagismo e/ou arborização urbana e rural) | Produção industrial (larga escala) | Recuperação de áreas degradadas;P;Perenifólia;10-20m;;;abril-agosto;Sul da BA, MS, MG até o RS.;mudas/mapas/Palmiteiro.jpg;
112;pata-de-vaca;Pata-de-vaca;Bauhinia forficata Link;Nativa;NA S O FLOR RMC RAD;Espécie nativa | Sombreamento | Uso ornamental (paisagismo e/ou arborização urbana e rural) | Floração exuberante | Recuperação de mata ciliar | Recuperação de áreas degradadas;D;Decídua;5-9m;outubro-janeiro;branca;;RJ, MG até o RS.;mudas/mapas/Pata_de_vaca.jpg;
115;pau-ferro;Pau-ferro;Caesalpinea ferrea Mart. ex Tul. var. leiostachya Benth.;Nativa;NA S O RAD;Espécie nativa | Sombreamento | Uso ornamental (paisagismo e/ou arborização urbana e rural) | Recuperação de áreas degradadas;SD;Semidecídua;20-30m;;;;PI até SP. É cultivada no PR, SC.;mudas/mapas/Pau_ferro.jpg;
116;pau-formiga;Pau-formiga;Triplaris brasiliana Cham.;Nativa;NA O FLOR RMC RAD;Espécie nativa | Uso ornamental (paisagismo e/ou arborização urbana e rural) | Floração exuberante | Recuperação de mata ciliar | Recuperação de áreas degradadas;P;Perenifólia;10-20m;agosto-outubro;rosa;;MT, MS, SP. É cultivada no PR, SC e RS.;mudas/mapas/Pau_formiga.jpg;
119;peroba;Peroba;Aspidosperma parvifolium A. DC.;Nativa;NA O;Espécie nativa | Uso ornamental (paisagismo e/ou arborização urbana e rural);SD;Semidecídua;10-15m;;;;Sul da BA até o RS, MG, GO e MS.;mudas/mapas/Peroba.jpg;
121;pinheiro-brasileiro;Pinheiro-brasileiro;Araucaria angustifolia (Bert.) Kuntze;Nativa;NA FH FA O IND RMC RAD;Espécie nativa | Consumo humano de fruto | Consumo animal de frutos e/ou néctar | Uso ornamental (paisagismo e/ou arborização urbana e rural) | Produção industrial (larga escala) | Recuperação de mata ciliar | Recuperação de áreas degradadas;P;Perenifólia;20-50m;;;abril-maio;MG, RJ até o RS.;mudas/mapas/Pinheiro_brasileiro.jpg;
124;pitanga;Pitanga;Eugenia uniflora L.;Nativa;NA FH FA O RMC RAD;Espécie nativa | Consumo humano de fruto | Consumo animal de frutos e/ou néctar | Uso ornamental (paisagismo e/ou arborização urbana e rural) | Recuperação de mata ciliar | Recuperação de áreas degradadas;SD;Semidecídua;6-12m;;;outubro-janeiro;MG até o RS.;mudas/mapas/Pitanga.jpg;
125;platano;Plátano;Platanus acerifolia (Aiton) Willd.;Exótica;EX S O;Espécie exótica | Sombreamento | Uso ornamental (paisagismo e/ou arborização urbana e rural);D;Decídua;20-30m;;;;Cultivado no Sul do Brasil.;mudas/mapas/Plátano.jpg;
126;quaresmeira;Quaresmeira;Tibouchina granulosa Cogn.;Nativa;NA S O FLOR RMC RAD;Espécie nativa | Sombreamento | Uso ornamental (paisagismo e/ou arborização urbana e rural) | Floração exuberante | Recuperação de mata ciliar | Recuperação de áreas degradadas;P;Perenifólia;8-12m;junho-agosto e dezembro-março;lilás;;BA, RJ, SP e MG. É cultivada em SC.;mudas/mapas/Quaresmeira.jpg;
127;roma;Romã;Punica granatum L.;Exótica;EX FH O FLOR;Espécie exótica | Consumo humano de fruto | Uso ornamental (paisagismo e/ou arborização urbana e rural) | Floração exuberante;SD;Semidecídua;3-4m;a partir de setembro;vermelho-alaranjada;;Cultivado em todo Brasil.;mudas/mapas/Romã.jpg;
130;sibipiruna;Sibipiruna;Caesalpinea peltophoroides Benth.;Nativa;NA S O FLOR RAD;Espécie nativa | Sombreamento | Uso ornamental (paisagismo e/ou arborização urbana e rural) | Floração exuberante | Recuperação de áreas degradadas;SD;Semidecídua;8-16m;agosto-novembro;amarela;;RJ, BA e MS. É cultivada em SP, PR, SC e RS.;mudas/mapas/Sibipiruna.jpg;
132;tanheiro;Tanheiro;Alchornea triplinervia (Spreng.) M. Arg.;Nativa;NA FA S RAD;Espécie nativa | Consumo animal de frutos e/ou néctar | Sombreamento | Recuperação de áreas degradadas;P;Perenifólia;15-30m;;;;BA ao RS.;mudas/mapas/Tanheiro.jpg;
133;taruma;Tarumã;Vitex montevidensis Cham.;Nativa;NA FH FA O RMC RAD;Espécie nativa | Consumo humano de fruto | Consumo animal de frutos e/ou néctar | Uso ornamental (paisagismo e/ou arborização urbana e rural) | Recuperação de mata ciliar | Recuperação de áreas degradadas;SD;Semidecídua;5-20m;;;janeiro-março;MG, MS até o RS.;mudas/mapas/Tarumã.jpg;
134;timbauva;Timbaúva;Enterolobium contortisiliquum (Vell.) Morong;Nativa;NA S O RMC RAD;Espécie nativa | Sombreamento | Uso ornamental (paisagismo e/ou arborização urbana e rural) | Recuperação de mata ciliar | Recuperação de áreas degradadas;D;Decídua;20-35m;;;;PA, MA, PI até MS e RS.;mudas/mapas/Timbaúva.jpg;
135;timbo;Timbó;Ateleia glazioveana Baill.;Nativa;NA S O RAD;Espécie nativa | Sombreamento | Uso ornamental (paisagismo e/ou arborização urbana e rural) | Recuperação de áreas degradadas;D;Decídua;8-18m;;;;PR ao RS.;mudas/mapas/Timbó.jpg;
136;tipuana-;Tipuana ;Tipuana tipu (Benth.) Kuntze;Exótica;EX S O FLOR;Espécie exótica | Sombreamento | Uso ornamental (paisagismo e/ou arborização urbana e rural) | Floração exuberante;D;Decídua;12-15m;setembro-dezembro;amarela;;Cultivada nas regiões Sul e Sudeste do Brasil.;mudas/mapas/Tipuana.jpg;
137;tucaneira;Tucaneira;Cytharexylum myrianthum Cham.;Nativa;NA FA O RMC RAD;Espécie nativa | Consumo animal de frutos e/ou néctar | Uso ornamental (paisagismo e/ou arborização urbana e rural) | Recuperação de mata ciliar | Recuperação de áreas degradadas;D;Decídua;8-20m;;;;BA ao RS.;mudas/mapas/Tucaneira.jpg;
141;uvaia;Uvaia;Eugenia pyriformis Camb.;Nativa;NA FH FA O RAD;Espécie nativa | Consumo humano de fruto | Consumo animal de frutos e/ou néctar | Uso ornamental (paisagismo e/ou arborização urbana e rural) | Recuperação de áreas degradadas;SD;Semidecídua;6-13m;;;setembro-janeiro;SP ao RS;mudas/mapas/Uvaia.jpg;
